{"cameraMode":{"drawMode":0,"name":"Shaded","section":"Shading Mode"},"sceneLighting":true,"audioPlay":false,"sceneViewState":{"m_AlwaysRefresh":false,"showFog":true,"showSkybox":true,"showFlares":true,"showImageEffects":true,"showParticleSystems":true,"showVisualEffectGraphs":true,"m_FxEnabled":true},"in2DMode":false,"pivot":{"x":-20.100000381469728,"y":1.0799999237060547,"z":-1.7599999904632569},"rotation":{"x":-0.14740613102912904,"y":-0.28464701771736147,"z":0.04422660917043686,"w":-0.9462713003158569},"size":4.22474479675293,"orthographic":false}