{"cameraMode":{"drawMode":0,"name":"Shaded","section":"Shading Mode"},"sceneLighting":false,"audioPlay":false,"sceneViewState":{"m_AlwaysRefresh":false,"showFog":true,"showSkybox":false,"showFlares":true,"showImageEffects":true,"showParticleSystems":true,"showVisualEffectGraphs":true,"m_FxEnabled":true},"in2DMode":false,"pivot":{"x":10.02609920501709,"y":4.707544326782227,"z":0.2695425748825073},"rotation":{"x":-0.05269116908311844,"y":-0.06347054243087769,"z":0.003191996831446886,"w":-0.9966395497322083},"size":5.1819071769714359,"orthographic":false}